blind_id,condition_id,status,failure_cause,planned_replicates,completed_replicates,failed_replicates,failure_rate,spin_true,inclination_deg,eddington_ratio,f_col_true,f_col_fit,inner_stress_delta_eta,mean_bias,median_bias,rmse,mean_width_68,mean_width_95,coverage_68,coverage_95,mean_chi2_per_dof,mean_runtime_s
blind_cd385610e651,am0p500-i40p0-l0p060-fc1p70-de0p020,COMPLETED,,100,100,0,0.0,-0.5,40.0,0.06,1.7,1.7,0.02,0.49769694337539827,0.4995785862151892,0.4977501095445295,0.020520896892343217,0.03526867849227907,0.0,0.0,0.9729044096707403,0.027871878000441937
blind_eabbf106a340,am0p500-i40p0-l0p060-fc1p90-de0p000,COMPLETED,,100,100,0,0.0,-0.5,40.0,0.06,1.9,1.7,0.0,1.155944602396951,1.153513704159912,1.1559903686992812,0.024085338309435697,0.04253885087157181,0.0,0.0,162.17733209430875,0.0009815959993284195
blind_01bbfef3962b,am0p500-i40p0-l0p060-fc1p90-de0p020,COMPLETED,,100,100,0,0.0,-0.5,40.0,0.06,1.9,1.7,0.02,1.4240857640567128,1.4231539567281262,1.424107739619288,0.01913166027244435,0.03034500414237898,0.0,0.0,163.92337565395377,0.0010850389942061156
blind_71f101a097dc,am0p500-i40p0-l0p180-fc1p70-de0p020,COMPLETED,,100,100,0,0.0,-0.5,40.0,0.18,1.7,1.7,0.02,0.4972615679440853,0.4979671833858813,0.4973615037976166,0.025839192264851242,0.047491531086672346,0.0,0.0,1.0554994988934796,0.0010414830036461354
blind_1c59bc2c4a2c,am0p500-i40p0-l0p180-fc1p90-de0p000,COMPLETED,,100,100,0,0.0,-0.5,40.0,0.18,1.9,1.7,0.0,1.0204694993289158,1.0166772757279297,1.020706601530836,0.03439135534692551,0.06641012961663977,0.0,0.0,160.17641898386424,0.0010052899993024766
blind_d3b6cd030f16,am0p500-i40p0-l0p180-fc1p90-de0p020,COMPLETED,,100,100,0,0.0,-0.5,40.0,0.18,1.9,1.7,0.02,1.3239015312051747,1.3253399320453996,1.3240178855785116,0.02792069274973656,0.05356574569380955,0.0,0.0,160.70395741593097,0.0010062599903903902
blind_ac518a4d2484,am0p500-i70p0-l0p060-fc1p70-de0p020,COMPLETED,,100,100,0,0.0,-0.5,70.0,0.06,1.7,1.7,0.02,0.4781300479240233,0.4759157704478092,0.47822250985711845,0.02294058774802391,0.04007321687274054,0.0,0.0,1.0479937849265473,0.01704542899969965
blind_45f91aaf7273,am0p500-i70p0-l0p060-fc1p90-de0p000,COMPLETED,,100,100,0,0.0,-0.5,70.0,0.06,1.9,1.7,0.0,1.4593333305518936,1.4548943841581923,1.4593749094689614,0.019336581070798796,0.03126811617843961,0.0,0.0,175.43798041248647,0.0009755310043692588
blind_27f89e1e8bc0,am0p500-i70p0-l0p060-fc1p90-de0p020,COMPLETED,,100,100,0,0.0,-0.5,70.0,0.06,1.9,1.7,0.02,1.4979999999999996,1.498,1.4979999999999998,0.016966000000000037,0.02370249999999995,0.0,0.0,185.98642101606268,0.0010096159938257187
blind_2a3f8f4c1309,am0p500-i70p0-l0p180-fc1p70-de0p020,COMPLETED,,100,100,0,0.0,-0.5,70.0,0.18,1.7,1.7,0.02,0.4762942541722287,0.47555830155696865,0.47644358739872156,0.027196723229870243,0.05209679913279339,0.0,0.0,1.0672997172213672,0.0010109830053988845
blind_30eea66f0769,am0p500-i70p0-l0p180-fc1p90-de0p000,COMPLETED,,100,100,0,0.0,-0.5,70.0,0.18,1.9,1.7,0.0,1.3842021941614806,1.3836776675758404,1.3842502466086748,0.023485520143619824,0.04271086236213332,0.0,0.0,173.10359633291762,0.000980049999197945
blind_d55ca041f978,am0p500-i70p0-l0p180-fc1p90-de0p020,COMPLETED,,100,100,0,0.0,-0.5,70.0,0.18,1.9,1.7,0.02,1.497999999900082,1.4979999999999998,1.4979999999000824,0.01696600006794405,0.023702500094921794,0.0,0.0,173.01302685219173,0.0010196390026248991
blind_13f85a7e2097,ap0p000-i40p0-l0p060-fc1p70-de0p020,COMPLETED,,100,100,0,0.0,0.0,40.0,0.06,1.7,1.7,0.02,0.2746699422480703,0.27448557824458175,0.2747524306980965,0.020996727194628292,0.03494176698230039,0.0,0.0,0.9824699348041476,0.0009311060002073645
blind_8a77df07bb49,ap0p000-i40p0-l0p060-fc1p90-de0p000,COMPLETED,,100,100,0,0.0,0.0,40.0,0.06,1.9,1.7,0.0,0.9252134606864473,0.92315568947375,0.9252429641313824,0.019042538481205865,0.030829090136856238,0.0,0.0,163.6474037635055,0.0009022610005922616
blind_e8b8b956746b,ap0p000-i40p0-l0p060-fc1p90-de0p020,COMPLETED,,100,100,0,0.0,0.0,40.0,0.06,1.9,1.7,0.02,0.9979999999999976,0.998,0.9979999999999973,0.016966000000001764,0.023702500000002374,0.0,0.0,164.47650844713667,0.0009512009902391583
blind_ca0cb97e8537,ap0p000-i40p0-l0p180-fc1p70-de0p020,COMPLETED,,100,100,0,0.0,0.0,40.0,0.18,1.7,1.7,0.02,0.27433994145791907,0.27415912029278555,0.2745576367461479,0.025578579642346597,0.04556895646663972,0.0,0.0,0.9931582363223825,0.0009517260082066059
blind_8c6694aef949,ap0p000-i40p0-l0p180-fc1p90-de0p000,COMPLETED,,100,100,0,0.0,0.0,40.0,0.18,1.9,1.7,0.0,0.8280610081810269,0.8293308426618031,0.8282100378498422,0.02892940789181375,0.053528823945035074,0.0,0.0,160.05464026048014,0.0008860500005539506
blind_a54861da2c0c,ap0p000-i40p0-l0p180-fc1p90-de0p020,COMPLETED,,100,100,0,0.0,0.0,40.0,0.18,1.9,1.7,0.02,0.9504314631374485,0.9481107775586312,0.9504527692880339,0.019583864558323547,0.030862171968869173,0.0,0.0,160.43580090374505,0.0009144009952433408
blind_21b4e1fb6214,ap0p000-i70p0-l0p060-fc1p70-de0p020,COMPLETED,,100,100,0,0.0,0.0,70.0,0.06,1.7,1.7,0.02,0.2677264169684068,0.2710945306901254,0.26786774284153764,0.022729813462642946,0.038126976281566874,0.0,0.0,1.0688383075741237,0.0009174750035163015
blind_241f898eabc3,ap0p000-i70p0-l0p060-fc1p90-de0p000,COMPLETED,,100,100,0,0.0,0.0,70.0,0.06,1.9,1.7,0.0,0.9980000000000001,0.998,0.9979999999999999,0.016966000000000037,0.02370249999999995,0.0,0.0,185.77204883885108,0.0008744479937013239
blind_9ed89ccff471,ap0p000-i70p0-l0p060-fc1p90-de0p020,COMPLETED,,100,100,0,0.0,0.0,70.0,0.06,1.9,1.7,0.02,0.9980000000000001,0.998,0.9979999999999999,0.016966000000000037,0.02370249999999995,0.0,0.0,207.63136584874977,0.0009233770053833723
blind_ac37ed9079a4,ap0p000-i70p0-l0p180-fc1p70-de0p020,COMPLETED,,100,100,0,0.0,0.0,70.0,0.18,1.7,1.7,0.02,0.2668709065924761,0.2683896235723454,0.267071830749915,0.02621966677582716,0.04759206539321399,0.0,0.0,1.0014965437610739,0.0009127640060614795
blind_50a2cc16d472,ap0p000-i70p0-l0p180-fc1p90-de0p000,COMPLETED,,100,100,0,0.0,0.0,70.0,0.18,1.9,1.7,0.0,0.9979999999997969,0.998,0.9979999999997967,0.016966000000138228,0.02370250000019304,0.0,0.0,172.21619386154327,0.0008858980052173138
blind_e0a575312563,ap0p000-i70p0-l0p180-fc1p90-de0p020,COMPLETED,,100,100,0,0.0,0.0,70.0,0.18,1.9,1.7,0.02,0.9980000000000001,0.998,0.9979999999999999,0.016966000000000037,0.02370249999999995,0.0,0.0,181.42942035902885,0.0009245009976439178
blind_803b83b844c6,ap0p500-i40p0-l0p060-fc1p70-de0p020,COMPLETED,,100,100,0,0.0,0.5,40.0,0.06,1.7,1.7,0.02,0.10650107100446586,0.10123158172784369,0.10689263978923948,0.02115896291924245,0.035795007151773646,0.0,0.0,1.0557402674886391,0.02761751101235859
blind_123d9273136e,ap0p500-i40p0-l0p060-fc1p90-de0p000,COMPLETED,,100,100,0,0.0,0.5,40.0,0.06,1.9,1.7,0.0,0.49800000000000005,0.498,0.498,0.016966000000000037,0.02370249999999995,0.0,0.0,174.4883423553505,0.0009873900061938912
blind_ec9f3a56a1fb,ap0p500-i40p0-l0p060-fc1p90-de0p020,COMPLETED,,100,100,0,0.0,0.5,40.0,0.06,1.9,1.7,0.02,0.49800000000000005,0.498,0.498,0.016966000000000037,0.02370249999999995,0.0,0.0,184.44742970806496,0.0010133779991883785
blind_5f6e3ced47a6,ap0p500-i40p0-l0p180-fc1p70-de0p020,COMPLETED,,100,100,0,0.0,0.5,40.0,0.18,1.7,1.7,0.02,0.10840227197049344,0.1067507321756867,0.10875599812450062,0.023549548451354742,0.040491457588339566,0.0,0.0,1.0524774949613926,0.0010047150019090623
blind_9c3861e5ece6,ap0p500-i40p0-l0p180-fc1p90-de0p000,COMPLETED,,100,100,0,0.0,0.5,40.0,0.18,1.9,1.7,0.0,0.4979999999563131,0.4979999999999999,0.49799999995631306,0.016966000029707134,0.02370250004150257,0.0,0.0,161.0556981389925,0.0009671750024426728
blind_3adff25df098,ap0p500-i40p0-l0p180-fc1p90-de0p020,COMPLETED,,100,100,0,0.0,0.5,40.0,0.18,1.9,1.7,0.02,0.49800000000000005,0.498,0.498,0.016966000000000037,0.02370249999999995,0.0,0.0,163.4345352447756,0.0010021379962563515
blind_c81aa28d50fe,ap0p500-i70p0-l0p060-fc1p70-de0p020,COMPLETED,,100,100,0,0.0,0.5,70.0,0.06,1.7,1.7,0.02,0.1026598588768054,0.09921401558864462,0.10289797912618827,0.019634448929309864,0.03256272387028458,0.0,0.0,1.0703367677674052,0.017027354006422683
blind_8db010a5d62e,ap0p500-i70p0-l0p060-fc1p90-de0p000,COMPLETED,,100,100,0,0.0,0.5,70.0,0.06,1.9,1.7,0.0,0.49800000000000005,0.498,0.498,0.016966000000000037,0.02370249999999995,0.0,0.0,227.245013332003,0.0009838189906440674
blind_4b028e2367c2,ap0p500-i70p0-l0p060-fc1p90-de0p020,COMPLETED,,100,100,0,0.0,0.5,70.0,0.06,1.9,1.7,0.02,0.49800000000000005,0.498,0.498,0.016966000000000037,0.02370249999999995,0.0,0.0,236.36261930732576,0.0010185559978708625
blind_9aee2b771a21,ap0p500-i70p0-l0p180-fc1p70-de0p020,COMPLETED,,100,100,0,0.0,0.5,70.0,0.18,1.7,1.7,0.02,0.10459489990689161,0.10111115771005741,0.1049071361528374,0.02313983019966236,0.03991690599260709,0.0,0.0,1.0738292732105992,0.0010121379990596325
blind_45996eeadf25,ap0p500-i70p0-l0p180-fc1p90-de0p000,COMPLETED,,100,100,0,0.0,0.5,70.0,0.18,1.9,1.7,0.0,0.49800000000000005,0.498,0.498,0.016966000000000037,0.02370249999999995,0.0,0.0,192.8345685051766,0.0009783479943871497
blind_e887dfb07f19,ap0p500-i70p0-l0p180-fc1p90-de0p020,COMPLETED,,100,100,0,0.0,0.5,70.0,0.18,1.9,1.7,0.02,0.49800000000000005,0.498,0.498,0.016966000000000037,0.02370249999999995,0.0,0.0,200.58433819100824,0.0010263440059497953
blind_723aaba0242e,ap0p900-i40p0-l0p060-fc1p70-de0p020,COMPLETED,,100,100,0,0.0,0.9,40.0,0.06,1.7,1.7,0.02,0.020178289694549233,0.023129070718291345,0.021268384229507206,0.018567656251490865,0.02805971157395861,0.12,0.96,1.1652776926798913,0.027557642996544018
blind_43cd0eae439c,ap0p900-i40p0-l0p060-fc1p90-de0p000,COMPLETED,,100,100,0,0.0,0.9,40.0,0.06,1.9,1.7,0.0,0.098,0.09799999999999998,0.09799999999999998,0.016966000000000037,0.02370249999999995,0.0,0.0,222.20791459220243,0.0009768999996595084
blind_f3d5bc32fcbe,ap0p900-i40p0-l0p060-fc1p90-de0p020,COMPLETED,,100,100,0,0.0,0.9,40.0,0.06,1.9,1.7,0.02,0.098,0.09799999999999998,0.09799999999999998,0.016966000000000037,0.02370249999999995,0.0,0.0,224.17657830816418,0.0010181539924815296
blind_400326ec8d2e,ap0p900-i40p0-l0p180-fc1p70-de0p020,COMPLETED,,100,100,0,0.0,0.9,40.0,0.18,1.7,1.7,0.02,0.01851629054388137,0.022784526821897744,0.02016603376133775,0.019065575471757072,0.030908212404341367,0.2,0.95,1.12008949551975,0.0010063510038889945
blind_d13adee18a69,ap0p900-i40p0-l0p180-fc1p90-de0p000,COMPLETED,,100,100,0,0.0,0.9,40.0,0.18,1.9,1.7,0.0,0.098,0.09799999999999998,0.09799999999999998,0.016966000000000037,0.02370249999999995,0.0,0.0,183.6844119074687,0.0009746090031694621
blind_0fa5e27ced7d,ap0p900-i40p0-l0p180-fc1p90-de0p020,COMPLETED,,100,100,0,0.0,0.9,40.0,0.18,1.9,1.7,0.02,0.098,0.09799999999999998,0.09799999999999998,0.016966000000000037,0.02370249999999995,0.0,0.0,186.8198520296222,0.0010194390022661536
blind_b3c8bdca0110,ap0p900-i70p0-l0p060-fc1p70-de0p020,COMPLETED,,100,100,0,0.0,0.9,70.0,0.06,1.7,1.7,0.02,0.020498473753013585,0.023103982091191633,0.021396802510872743,0.018574166388641934,0.028514038753292344,0.12,0.98,1.0998167999835673,0.01723636899725534
blind_b161936ee1a3,ap0p900-i70p0-l0p060-fc1p90-de0p000,COMPLETED,,100,100,0,0.0,0.9,70.0,0.06,1.9,1.7,0.0,0.098,0.09799999999999998,0.09799999999999998,0.016966000000000037,0.02370249999999995,0.0,0.0,270.3766876944786,0.0009669970034155994
blind_b988235c9801,ap0p900-i70p0-l0p060-fc1p90-de0p020,COMPLETED,,100,100,0,0.0,0.9,70.0,0.06,1.9,1.7,0.02,0.098,0.09799999999999998,0.09799999999999998,0.016966000000000037,0.02370249999999995,0.0,0.0,273.473464118935,0.0010222870018333197
blind_7e9183878139,ap0p900-i70p0-l0p180-fc1p70-de0p020,COMPLETED,,100,100,0,0.0,0.9,70.0,0.18,1.7,1.7,0.02,0.01876620597227109,0.02260084376601451,0.020147327655098198,0.019644508100897216,0.03209863000843809,0.24,0.99,1.1027874075442918,0.00101627399912104
blind_1c06e334208d,ap0p900-i70p0-l0p180-fc1p90-de0p000,COMPLETED,,100,100,0,0.0,0.9,70.0,0.18,1.9,1.7,0.0,0.098,0.09799999999999998,0.09799999999999998,0.016966000000000037,0.02370249999999995,0.0,0.0,224.37730432758616,0.0009689760021865368
blind_f63a75ce4aa2,ap0p900-i70p0-l0p180-fc1p90-de0p020,COMPLETED,,100,100,0,0.0,0.9,70.0,0.18,1.9,1.7,0.02,0.098,0.09799999999999998,0.09799999999999998,0.016966000000000037,0.02370249999999995,0.0,0.0,226.92243673533315,0.0010147150012198836
